CAUSAL,BATCH,NUM_HEADS,SEQLEN_Q,SEQLEN_K,HEAD_SZ,Lean Attn (ms),MHA (ms)
True,1,64,8192,8192,128,3.584609,3.183142
True,2,64,8192,8192,128,7.948772,6.344444
True,2,64,16384,16384,128,34.767664,26.632258
