CAUSAL,BATCH,H_Q,H_K,SEQLEN_Q,SEQLEN_K,HEAD_SZ,Lean Attn (ms),MHA (ms)
False,1,64,64,128,16384,128,11.165669,0.902523
False,1,96,96,128,32768,128,12.136361,1.813799
True,1,64,64,8192,8192,128,4.218076,3.298621
True,2,64,64,8192,8192,128,9.679741,6.648701
True,1,64,64,16384,16384,128,18.704077,13.708321
