CAUSAL,BATCH,NUM_HEADS,SEQLEN_Q,SEQLEN_K,HEAD_SZ,Lean Attn (ms),MHA (ms)
False,1,64,128,16384,128,0.337443,0.905897
False,1,96,128,32768,128,0.932600,1.817691
True,1,64,8192,8192,128,4.103525,3.300158
True,2,64,8192,8192,128,8.861943,6.641986
True,1,64,16384,16384,128,17.864768,13.767740
