CAUSAL,BATCH,NUM_HEADS,SEQLEN_Q,SEQLEN_K,HEAD_SZ,Lean Attn (ms),MHA (ms)
True,1,64,8192,8192,128,7.798463,3.532898
True,2,64,8192,8192,128,16.168555,7.331742
True,2,64,16384,16384,128,61.224281,29.274429
False,2,64,8192,8192,128,3.424808,13.111320
False,2,64,16384,16384,128,6.781841,49.356586
