CAUSAL,BATCH,H_Q,H_K,SEQLEN_Q,SEQLEN_K,HEAD_SZ,Lean Attn (ms),MHA (ms)
False,1,64,64,128,16384,128,0.350408,0.903066
False,1,96,96,128,32768,128,0.943515,1.814270
True,1,64,64,8192,8192,128,4.027366,3.337844
True,2,64,64,8192,8192,128,8.762359,6.767044
True,1,64,64,16384,16384,128,16.761070,13.903197
